
Insert into CUSTOMER
(CUSTOMER_ID,FIRST_NAME,LAST_NAME,MIDDLE_NAME,ADDRESS_LINE1,ADDRESS_LINE2,CITY,
COUNTRY,DATE_ADDED,REGION) values
(10,'JOHN','AMIRTHRAJ','T','2345 PETERDRIVE',null,'Atlanta','USA',
STR_TO_DATE('12-01-15','%Y-%m-%d'),'SOUTH');
Insert into CUSTOMER
(CUSTOMER_ID,FIRST_NAME,LAST_NAME,MIDDLE_NAME,ADDRESS_LINE1,ADDRESS_LINE2,CITY,
COUNTRY,DATE_ADDED,REGION) values
(11,'TOM','JOSEPH','A','123SANDY DRIVE',null,'New York','USA',
STR_TO_DATE('12-01-15','%d-%m-%y'),'SOUTH');
Insert into CUSTOMER
(CUSTOMER_ID,FIRST_NAME,LAST_NAME,MIDDLE_NAME,ADDRESS_LINE1,ADDRESS_LINE2,CITY,
COUNTRY,DATE_ADDED,REGION) values
(12,'PETER','MANN','J','3456 GATES DRIVE',null,'Washington','USA',
STR_TO_DATE('13-01-15','%d-%m-%y'),'NORTH');



Insert into PRODUCT
(PRODUCT_ID,PRODUCT_NAME,STANDARD_COST,COLOR,LIST_PRICE,PRODUCT_SIZE,WEIGHT,
PRODUCT_CATEGORY)
values (100,'Mobile Cover',30,null,35,10,100,'Mobile');
Insert into PRODUCT
(PRODUCT_ID,PRODUCT_NAME,STANDARD_COST,COLOR,LIST_PRICE,PRODUCT_SIZE,WEIGHT,
PRODUCT_CATEGORY)
values (200,'Samsung F7100',80,'BLACK',35,6,50,'Mobile');
Insert into PRODUCT
(PRODUCT_ID,PRODUCT_NAME,STANDARD_COST,COLOR,LIST_PRICE,PRODUCT_SIZE,WEIGHT,
PRODUCT_CATEGORY)
values (105,'HTC 7800',70,'BLACK',80,6,40,'Mobile');
Insert into PRODUCT
(PRODUCT_ID,PRODUCT_NAME,STANDARD_COST,COLOR,LIST_PRICE,PRODUCT_SIZE,WEIGHT,
PRODUCT_CATEGORY)
values (106,'Microsoft Keyboard 7865',50,'BLACK',60,3,20,'Computer');
Insert into PRODUCT
(PRODUCT_ID,PRODUCT_NAME,STANDARD_COST,COLOR,LIST_PRICE,PRODUCT_SIZE,WEIGHT,
PRODUCT_CATEGORY)
values (501,'Microsoft Mouse 7863',30,'GREY',40,1,25,'Computer');
Insert into PRODUCT
(PRODUCT_ID,PRODUCT_NAME,STANDARD_COST,COLOR,LIST_PRICE,PRODUCT_SIZE,WEIGHT,
PRODUCT_CATEGORY)
values (101,'iPhone',500,'GOLD',600,6,20,'Mobile');

Insert into SALES
(SALES_DATE,ORDER_ID,PRODUCT_ID,CUSTOMER_ID,SALESPERSON_ID,QUANTITY,UNIT_PRICE,
SALES_AMOUNT,TAX_AMOUNT,TOTAL_AMOUNT)
values (STR_TO_DATE('01-02-15','%d-%m-%y'),1269,200,12,1000,20,80,1600,160,1760);
Insert into SALES
(SALES_DATE,ORDER_ID,PRODUCT_ID,CUSTOMER_ID,SALESPERSON_ID,QUANTITY,UNIT_PRICE,
SALES_AMOUNT,TAX_AMOUNT,TOTAL_AMOUNT)
values (STR_TO_DATE('01-01-15','%d-%m-%y'),1267,100,10,1000,2,20,40,4,44);
Insert into SALES
(SALES_DATE,ORDER_ID,PRODUCT_ID,CUSTOMER_ID,SALESPERSON_ID,QUANTITY,UNIT_PRICE,
SALES_AMOUNT,TAX_AMOUNT,TOTAL_AMOUNT)
values (STR_TO_DATE('01-01-15','%d-%m-%y'),1267,101,10,1000,2,30,60,6,66);
Insert into SALES
(SALES_DATE,ORDER_ID,PRODUCT_ID,CUSTOMER_ID,SALESPERSON_ID,QUANTITY,UNIT_PRICE,
SALES_AMOUNT,TAX_AMOUNT,TOTAL_AMOUNT)
values (STR_TO_DATE('02-01-15','%d-%m-%y'),1268,100,11,2000,10,30,300,30,330);
Insert into SALES
(SALES_DATE,ORDER_ID,PRODUCT_ID,CUSTOMER_ID,SALESPERSON_ID,QUANTITY,UNIT_PRICE,
SALES_AMOUNT,TAX_AMOUNT,TOTAL_AMOUNT)
values (STR_TO_DATE('09-02-15','%d-%m-%y'),1270,105,10,3000,20,70,1400,140,1540);
Insert into SALES
(SALES_DATE,ORDER_ID,PRODUCT_ID,CUSTOMER_ID,SALESPERSON_ID,QUANTITY,UNIT_PRICE,
SALES_AMOUNT,TAX_AMOUNT,TOTAL_AMOUNT)
values (STR_TO_DATE('09-02-15','%d-%m-%y'),1270,106,10,3000,10,50,500,50,550);
Insert into SALES
(SALES_DATE,ORDER_ID,PRODUCT_ID,CUSTOMER_ID,SALESPERSON_ID,QUANTITY,UNIT_PRICE,
SALES_AMOUNT,TAX_AMOUNT,TOTAL_AMOUNT)
values (STR_TO_DATE('09-02-15','%d-%m-%y'),1270,101,10,3000,10,30,300,30,330);


Insert into SALES_HISTORY
(SALES_DATE,ORDER_ID,PRODUCT_ID,CUSTOMER_ID,SALESPERSON_ID,QUANTITY,UNIT_PRICE,
SALES_AMOUNT,TAX_AMOUNT,TOTAL_AMOUNT)
values (STR_TO_DATE('01-01-15','%d-%m-%y'),1267,100,10,1000,2,20,40,4,44);
Insert into SALES_HISTORY
(SALES_DATE,ORDER_ID,PRODUCT_ID,CUSTOMER_ID,SALESPERSON_ID,QUANTITY,UNIT_PRICE,
SALES_AMOUNT,TAX_AMOUNT,TOTAL_AMOUNT)
values (STR_TO_DATE('01-01-15','%d-%m-%y'),1267,101,10,1000,2,30,60,6,66);
Insert into SALES_HISTORY
(SALES_DATE,ORDER_ID,PRODUCT_ID,CUSTOMER_ID,SALESPERSON_ID,QUANTITY,UNIT_PRICE,
SALES_AMOUNT,TAX_AMOUNT,TOTAL_AMOUNT)
values (STR_TO_DATE('07-01-15','%d-%m-%y'),1268,100,11,2000,10,30,300,30,330);

Insert into SALESPERSON
(SALESPERSON_ID,JOB_TITLE,FIRST_NAME,LAST_NAME,MIDDLE_NAME,ADDRESS_LINE1,
ADDRESS_LINE2,CITY,COUNTRY,DATE_ADDED)
values (1000,'South Manager','PETER','MANN','R',
'4567 ASHFORDROAD',null,'CUMMING','USA',STR_TO_DATE('12-01-14','%d-%m-%y'));
Insert into SALESPERSON
(SALESPERSON_ID,JOB_TITLE,FIRST_NAME,LAST_NAME,MIDDLE_NAME,ADDRESS_LINE1,
ADDRESS_LINE2,CITY,COUNTRY,DATE_ADDED)
values (2000,'North Manager','JOHN','KING','A','67 DUNWOODY ROAD',null,'LASVEGAS','USA',
STR_TO_DATE('14-01-14','%d-%m-%y'));
Insert into SALESPERSON
(SALESPERSON_ID,JOB_TITLE,FIRST_NAME,LAST_NAME,MIDDLE_NAME,ADDRESS_LINE1,
ADDRESS_LINE2,CITY,COUNTRY,DATE_ADDED)
values (3000,'East Manager','BOB','MORIS','A','679 GLENDRIGEDR',null,'FLORIDA','USA',
STR_TO_DATE('14-02-14','%d-%m-%y'));

COMMIT;